url,title,price_usd,price_kgs,year,mileage_km,engine,transmission,city,image_url
https://mashina.kg/details/lexus-es-69c581f12351b444472731,Lexus ES VII,23999,2098713,2021,90000,2.5 л.,вариатор,Бишкек,https://im.mashina.kg/tachka/images/c/2/0/c20b125c79bbf7519162f7a70bac0b16_640x480.jpg
https://mashina.kg/details/genesis-gv80-6a06f46f7a8aaefc93c9efc4,Продажа Genesis GV80 I Рестайлинг 2023,40000,3498000,2023,22000,2.5 л.,автомат,Бишкек,https://storage.mashina.kg/catalog/images/2026-05-15/10033904/088fe3bb6b264658cc1a56cf672cc2d2_medium.webp
https://mashina.kg/details/bmw-x7-6a072bf5c705aa5c9a9c81cb,Продажа BMW X7 I (G07) 2020,35700,3121965,2020,220000,3.0 л.,автомат,Бишкек,https://storage.mashina.kg/catalog/images/2026-05-15/10034143/63c34e3f2dc03ea6a903d1e4f960ce0b_medium.webp
https://mashina.kg/details/bmw-x5-69fffea832901420399530,BMW X5 III (F15),35500,3104475,2017,200000,3.0 л.,автомат,Бишкек,https://im.mashina.kg/tachka/images/9/7/3/973720a8c8fd36da710d31fa8a76d5da_640x480.jpg
https://mashina.kg/details/kia-stinger-69c889deab0e2849411617,Kia Stinger I,18700,1635315,2018,104000,3.3 л.,автомат,Бишкек,https://im.mashina.kg/tachka/images/1/8/0/180e6a9c4c83da8e13ebce6b2c3d5881_640x480.jpg
https://mashina.kg/details/lexus-nx-6a07592bb8055db3c294107a,Продажа Lexus NX II 2023,35800,3130710,2023,28000,2.5 л.,автомат,Бишкек,https://storage.mashina.kg/catalog/images/2026-05-15/10034319/dce064feaa800e284682c8d218253e5f_medium.webp
https://mashina.kg/details/cadillac-escalade-6a0984aafc6db3fe8d13bfb5,Продажа Cadillac Escalade IV 2020,55000,4809750,2020,121000,6.2 л.,автомат,Бишкек,https://storage.mashina.kg/catalog/images/2026-05-17/10035756/74221442f66fb96f0cd872425f619157_medium.webp
https://mashina.kg/details/toyota-camry-6a096b16163f86ccc0153d34,Продажа Toyota Camry IX (XV80) 2025,55000,4809750,2025,8500,2.5 л.,вариатор,Бишкек,https://storage.mashina.kg/catalog/images/2026-05-17/10035606/bf6afc2c959ad09c54b0685f76006dcf_medium.webp
https://mashina.kg/details/nissan-patrol-6a070fe3017a2e817b407a62,Продажа Nissan Patrol V (Y61) 2003,22900,2002605,2003,240000,3.0 л.,автомат,Бишкек,https://storage.mashina.kg/catalog/images/2026-05-15/10034032/2eff7b5c762341865b53779ee672f9bf_medium.webp
https://mashina.kg/details/bmw-x3-6a043ea898376f21caa60c54,Продажа BMW X3 III (G01) 2019,33000,2885850,2019,138000,2.0 л.,автомат,Бишкек,https://storage.mashina.kg/catalog/images/2026-05-13/10031161/4f441e7f699f1faf7372d05ebeb33244_medium.webp
https://mashina.kg/details/lexus-gx-6a03f8d3fbdd8588bfd7093a,Продажа Lexus GX I 2005,19500,1705275,2005,250000,4.7 л.,автомат,Бишкек,https://storage.mashina.kg/catalog/images/2026-05-13/10030777/cc51e8a62c09828227fbe55c52216f34_medium.webp
https://mashina.kg/details/bmw-7-serii-69d3b6186eb7e527217549,BMW 7 серии VI (G11/G12) Рестайлинг,44500,3891525,2020,55000,4.4 л.,автомат,Бишкек,https://im.mashina.kg/tachka/images/a/f/8/af8f3bbb351bea72d98ec0457db8645d_640x480.jpg
https://mashina.kg/details/toyota-kluger-6a087fa44fe87ef43f622316,Продажа Toyota Kluger I (XU20) Рестайлинг 2003,11500,1005675,2003,162000,3.0 л.,автомат,Бишкек,https://storage.mashina.kg/catalog/images/2026-05-16/10035131/874eac8df4bce8101a7c8e2e099622f2_medium.webp
https://mashina.kg/details/kia-sorento-6a07122999a22ee340307e4f,Продажа Kia Sorento III Prime Рестайлинг 2020,13900,1215555,2020,120000,2.4 л.,автомат,Ош,https://storage.mashina.kg/catalog/images/2026-05-15/10034042/a1e407b8b83d7cf7a83f17ff56a3af90_medium.webp
https://mashina.kg/details/kia-k7-69fdfe7116d4b224478435,Kia K7 YG (II) Рестайлинг,17500,1530375,2020,98000,2.4 л.,автомат,Бишкек,https://im.mashina.kg/tachka/images/b/b/8/bb8ea0a2aa5989c8835e0d4c24e8e2b5_640x480.jpg
https://mashina.kg/details/hyundai-santa-fe-69fe00dca1879017988312,Hyundai Santa Fe IV,17200,1504140,2020,156000,2.0 л.,автомат,Бишкек,https://im.mashina.kg/tachka/images/1/e/0/1e0b6866bc89c474dbccc9de36809fa1_640x480.jpg
https://mashina.kg/details/audi-a6-6a09bff48d12af36e10ec1a4,Продажа Audi A6 V (C8) Рестайлинг 2022,26000,2273700,2022,44700,2.0 л.,робот,Бишкек,https://storage.mashina.kg/catalog/images/2026-05-17/10036058/003a8ee27a35037ae4752d9958c144db_medium.webp
https://mashina.kg/details/toyota-camry-69ff7ca22c30a296786945,Toyota Camry VIII (XV70) Рестайлинг,20000,1749000,2021,154500,2.5 л.,автомат,Бишкек,https://im.mashina.kg/tachka/images/5/c/4/5c428779f2e404b59be8aa3690a4bded_640x480.jpg
https://mashina.kg/details/bmw-ix1-69e9c769e8c9a581664158,BMW iX1,27500,2404875,2025,118,,,Бишкек,https://im.mashina.kg/tachka/images/d/a/f/dafda473b5f7b6e95db6a6725f7f8ccd_640x480.jpg
https://mashina.kg/details/lexus-es-69c925749de72314480122,Lexus ES VI Рестайлинг,27500,2404875,2017,100000,2.5 л.,вариатор,Бишкек,https://im.mashina.kg/tachka/images/4/6/c/46c04d7192f865fea7c6b36889331e92_640x480.jpg
https://mashina.kg/details/honda-crv-69b8d82e112b8201884089,Honda CR-V III,11000,961950,2009,255000,2.4 л.,автомат,Кочкор-Ата,https://im.mashina.kg/tachka/images/a/d/4/ad497b07034b559edf29d1e1a0e5e731_640x480.jpg
https://mashina.kg/details/bmw-x7-69f9ff43cdd84134308434,BMW X7 I (G07) Рестайлинг,98500,8613825,2023,9000,3.0 л.,автомат,Бишкек,https://im.mashina.kg/tachka/images/1/c/8/1c8c02bcf0e2f304fc123210a8f2136b_640x480.jpg
https://mashina.kg/details/toyota-rav4-6a09d9ac1a669d302bd7d36b,Продажа Toyota RAV4 V (XA50) 2020,24500,2142525,2020,87000,2.5 л.,автомат,Бишкек,https://storage.mashina.kg/catalog/images/2026-05-17/10036201/d35766842f31bd76ec27b7c36c88fc87_medium.webp
https://mashina.kg/details/toyota-mark-ii-69dfc487a24b8633530932,Toyota Mark II IX (X110),5500,480975,2003,290000,2.0 л.,автомат,Бишкек,https://im.mashina.kg/tachka/images/d/5/e/d5e6bf7ede633763180d238c968460d1_640x480.jpg
https://mashina.kg/details/mercedesbenz-eklass-69fb2ee9a2cf4125956165,"Mercedes-Benz E-Класс II (W210, S210) Рестайлинг",8300,725835,2000,260000,3.2 л.,автомат,с. Ивановка,https://im.mashina.kg/tachka/images/9/e/b/9eb87b0cdbee8bcee1a94beaf184ba16_640x480.jpg
https://mashina.kg/details/toyota-camry-6a037a27261fc6e2ecb3ae89,Продажа Toyota Camry VIII (XV70) 2018,19600,1714020,2018,99000,2.5 л.,автомат,Талас,https://storage.mashina.kg/catalog/images/2026-05-12/10030571/2d57bf3159bb3fd571cc17f93f7b1f17_medium.webp
https://mashina.kg/details/toyota-camry-69bbce8416a68347483225,Toyota Camry VIII (XV70),16300,1425435,2019,194000,2.5 л.,автомат,Бишкек,https://im.mashina.kg/tachka/images/b/1/b/b1b3440c7fc8a7ac78a0a6a56401cb80_640x480.jpg
https://mashina.kg/details/toyota-camry-6a09c8c5769acffeef5d2fbd,Продажа Toyota Camry VII (XV50) 2012,12300,1075635,2012,233000,2.5 л.,автомат,Бишкек,https://storage.mashina.kg/catalog/images/2026-05-17/10036105/f623592cbd68a51c8b88ac9a86793455_medium.webp
https://mashina.kg/details/bmw-5-serii-6a09c796f064a3cc4e3cad8d,Продажа BMW 5 серии VII (G30/G31) Рестайлинг 2021,33500,2929575,2021,82000,2.0 л.,автомат,Бишкек,https://storage.mashina.kg/catalog/images/2026-05-17/10036098/d6feb5deaf1b8dfa56f0f4a86594e5d4_medium.webp
https://mashina.kg/details/toyota-rav4-6a016a85db1ab764478529,Toyota RAV4 V (XA50),33300,2912085,2026,13,2.0 л.,вариатор,Бишкек,https://im.mashina.kg/tachka/images/3/6/b/36b7beb1e79f19f0c831b45f09ce6621_640x480.jpg
https://mashina.kg/details/neta-u-6a096aa8729e7e4b0571caeb,Продажа Neta U 2022,13722,1200000,2022,109000,,,Бишкек,https://storage.mashina.kg/catalog/images/2026-05-17/10035604/375e8c8fbbf447c4ae4274ffc781876e_medium.webp
https://mashina.kg/details/honda-inspire-6a09afc250ee627a1691944e,Продажа Honda Inspire IV 2004,10300,900735,2004,272000,3.0 л.,автомат,Бишкек,https://storage.mashina.kg/catalog/images/2026-05-17/10035986/9680db7362f81fd5f000b3814f855e3c_medium.webp
https://mashina.kg/details/ssangyong-tivoli-6a09af7d8561d7934daf331e,Продажа SsangYong Tivoli I Рестайлинг 2019,10800,944460,2019,179000,1.5 л.,автомат,Бишкек,https://storage.mashina.kg/catalog/images/2026-05-17/10035985/1fca4f863298adbe7385af850b4e28df_medium.webp
https://mashina.kg/details/chevrolet-malibu-69f1c8e756394618264082,Chevrolet Malibu IX,10000,874500,2018,155000,1.5 л.,автомат,Бишкек,https://im.mashina.kg/tachka/images/9/c/0/9c037a5337d6cdbf1c98ef01d4d2868b_640x480.jpg
https://mashina.kg/details/bmw-x5-6a09971fa283337349de1615,Продажа BMW X5 IV (G05/G18) 2019,44500,3891525,2019,87000,3.0 л.,автомат,Бишкек,https://storage.mashina.kg/catalog/images/2026-05-17/10035869/da2b56d167e1e45c91d89b59200ad05b_medium.webp
https://mashina.kg/details/toyota-land-cruiser-prado-69c8aed5adec7173780716,Toyota Land Cruiser Prado 120 Series,21500,1880175,2008,267000,4.0 л.,автомат,Бишкек,https://im.mashina.kg/tachka/images/e/a/3/ea334994cc48f2166f09ce5ea7b85b04_640x480.jpg
https://mashina.kg/details/lexus-lx-6a098c4a5870e01df244d3af,Продажа Lexus LX III Рестайлинг 2012,40500,3541725,2012,280000,5.7 л.,автомат,Бишкек,https://storage.mashina.kg/catalog/images/2026-05-17/10035808/2ea54aa78114e6b271a654703759703d_medium.webp
https://mashina.kg/details/toyota-camry-6a0984b557efe459819c345a,Продажа Toyota Camry VIII (XV70) 2018,16900,1477905,2018,116000,2.5 л.,автомат,Бишкек,https://storage.mashina.kg/catalog/images/2026-05-17/10035757/324e57763f29a7329136c2c5f1a71a00_medium.webp
https://mashina.kg/details/kia-k5-6a0402ec602cb756d53bfeb4,Продажа Kia K5 II 2018,12500,1093125,2018,94000,2.0 л.,автомат,Бишкек,https://storage.mashina.kg/catalog/images/2026-05-14/10030832/51fd0aaba959879d5ff3fdf0edb4c932_medium.webp
https://mashina.kg/details/subaru-outback-6a097a90e2ebbef6255d8d96,Продажа Subaru Outback VI 2022,20600,1801470,2022,149800,2.5 л.,вариатор,Бишкек,/static/svg/empty.svg
https://mashina.kg/details/bmw-x3-m-6a09710a4bf573dfae57face,Продажа BMW X3 M I (F97) 2019,46500,4066425,2019,84000,3.0 л.,автомат,Бишкек,https://storage.mashina.kg/catalog/images/2026-05-17/10035642/aeec3bc4e78536bca9392f6e4b7587bb_medium.webp
https://mashina.kg/details/lixiang-l6-6a096c16578d45fd1d8c6b91,Продажа LiXiang L6 2025,32300,2824635,2025,10000,1.5 л.,автомат,Бишкек,https://storage.mashina.kg/catalog/images/2026-05-17/10035613/da45407957c0d12c3ca56065e0c8bea6_medium.webp
https://mashina.kg/details/hyundai-sonata-6a0956e830a1a49fcf915f44,Продажа Hyundai Sonata VIII (DN8) 2021,12800,1119360,2021,27000,2.5 л.,робот,Бишкек,https://storage.mashina.kg/catalog/images/2026-05-17/10035521/2c423e0589ba286b7a27e07fbdd43f39_medium.webp
https://mashina.kg/details/changan-qiyuan-q05-6a094a513aa27447d8fb4f95,Продажа Changan Qiyuan Q05 II 2026,14400,1259280,2026,50,,,Бишкек,/static/svg/empty.svg
https://mashina.kg/details/kia-k3-69ef87bb8dcd9974829045,Kia K3 II,12300,1075635,2019,123000,1.6 л.,робот,Бишкек,https://storage.mashina.kg/catalog/images/2026-05-13/4544928/b1e0d685817e3023f45cf4131869e272_medium.webp
https://mashina.kg/details/kia-k5-6a092def0900bff16ec439a6,Продажа Kia K5 III 2021,15800,1381710,2021,153000,2.0 л.,автомат,Бишкек,https://storage.mashina.kg/catalog/images/2026-05-17/10035410/9aaf37903326e54e95f240151c9592ec_medium.webp
https://mashina.kg/details/lexus-gx-6a090cd31a96ed75d9b43227,Продажа Lexus GX II Рестайлинг 2 2020,49000,4285050,2020,136000,4.6 л.,автомат,Бишкек,https://storage.mashina.kg/catalog/images/2026-05-17/10035380/61232a06d9fec2a1b6b0f85113444ff8_medium.webp
https://mashina.kg/details/toyota-highlander-6918537389811830208886,Toyota Highlander III (U50) Рестайлинг,26500,2317425,2019,84000,3.5 л.,автомат,Бишкек,https://im.mashina.kg/tachka/images/c/9/c/c9c2988d07a3702b0ef4ea71dcb13d3a_640x480.jpg
https://mashina.kg/details/toyota-camry-6a08ab4839862bb98d6981d5,Продажа Toyota Camry VII (XV50) Рестайлинг 2 2017,18199,1591503,2017,183000,2.5 л.,автомат,Бишкек,https://storage.mashina.kg/catalog/images/2026-05-16/10035295/075eec91a7f60ec3a0f81384fd7c290b_medium.webp
https://mashina.kg/details/subaru-forester-6a01d9c8d6f81299639251,Subaru Forester V,15500,1355475,2020,125528,2.5 л.,вариатор,Бишкек,https://im.mashina.kg/tachka/images/d/7/5/d75ad110c3db0a2333b8a7168ff17064_640x480.jpg
https://mashina.kg/details/toyota-avalon-69f1d0fca5d42420690798,Toyota Avalon V,24500,2142525,2019,86500,2.5 л.,вариатор,Бишкек,https://im.mashina.kg/tachka/images/a/d/4/ad441e7555a179c1bdcedbdad67747de_640x480.jpg
https://mashina.kg/details/bmw-x5-6a0877cc93be0beb8b04452c,Продажа BMW X5 III (F15) 2018,24700,2160015,2018,180000,3.0 л.,автомат,Бишкек,https://storage.mashina.kg/catalog/images/2026-05-16/10035092/cab779a4f8388ccf5352eb108d26ce93_medium.webp
https://mashina.kg/details/tesla-model-y-6a081f6067f26ff1c8c9ccc0,Продажа Tesla Model Y I 2025,29000,2536050,2025,7500,,,Ош,https://storage.mashina.kg/catalog/images/2026-05-16/10034698/068f36bb2d13a9e40ba0fe4357091c5e_medium.webp
https://mashina.kg/details/lixiang-l7-6a07b584142678c098e10776,Продажа LiXiang L7 Рестайлинг 2025,43500,3804075,2025,2500,1.5 л.,автомат,Бишкек,https://storage.mashina.kg/catalog/images/2026-05-16/10034413/60b4a5eabf67eea84b60b7ec5de6f605_medium.webp
https://mashina.kg/details/mercedesbenz-sklass-69bd3a7c91e4d529475002,Mercedes-Benz S-Класс V (W221) Рестайлинг,13500,1180575,2011,176902,5.5 л.,автомат,Бишкек,https://im.mashina.kg/tachka/images/d/4/8/d48ee309091fa8d88a879b499b6ec838_640x480.jpg
https://mashina.kg/details/kia-morning-69f82f75e6014173286509,Kia Morning III,6800,594660,2017,110534,1.0 л.,автомат,Бишкек,https://im.mashina.kg/tachka/images/0/2/3/023c35421e9718820c0d9c6ab608a90d_640x480.jpg
https://mashina.kg/details/toyota-sequoia-6a075ccfec95968a37c3da20,Продажа Toyota Sequoia II 2008,29000,2536050,2008,270000,5.7 л.,автомат,Бишкек,https://storage.mashina.kg/catalog/images/2026-05-15/10034329/11b8972691634ce006227b4c8c830735_medium.webp
https://mashina.kg/details/toyota-highlander-6a070e548ebd65c328a24d1e,Продажа Toyota Highlander III (U50) Рестайлинг 2019,25500,2229975,2019,100000,3.5 л.,автомат,Бишкек,https://storage.mashina.kg/catalog/images/2026-05-15/10034028/d47c145a27d008ad35a43f86696d6345_medium.webp
https://mashina.kg/details/bmw-x7-6a06d58637dc404a83673de9,Продажа BMW X7 I (G07) Рестайлинг 2022,108000,9444600,2022,60000,4.4 л.,автомат,Бишкек,https://storage.mashina.kg/catalog/images/2026-05-15/10033680/e3f11a3b827064df5b856ab6679c4925_medium.webp
https://mashina.kg/details/lexus-lx-6a05e8741f896f7d9fc344a2,Продажа Lexus LX IV 2026,190000,16615500,2026,15,3.5 л.,автомат,Бишкек,https://storage.mashina.kg/catalog/images/2026-05-14/10032952/298facde032f7224812895855cd7b937_medium.webp
https://mashina.kg/details/chevrolet-tahoe-69fcc308f21f5754632409,Chevrolet Tahoe V,62500,5465625,2022,15000,6.2 л.,автомат,Бишкек,https://im.mashina.kg/tachka/images/1/b/1/1b11263d05cbe8f1fb132c766be7f824_640x480.jpg
https://mashina.kg/details/lexus-ls-69fdce7f6c748714602822,Lexus LS III Рестайлинг,10800,944460,2004,293000,4.3 л.,автомат,Бишкек,https://im.mashina.kg/tachka/images/b/d/7/bd7afce9222b410cdf1483a2f43ffb24_640x480.jpg
https://mashina.kg/details/mercedes-benz-s-klass-amg-68b59a75b3ccc943949527,Mercedes-Benz S-Класс AMG I (W220) Рестайлинг,25555,2234785,2004,211000,5.4 л.,автомат,Бишкек,https://im.mashina.kg/tachka/images/b/e/0/be0912a7f97f4fd666b012d07537f5df_640x480.jpg
https://mashina.kg/details/bmw-x5-69ff818b46284395829389,BMW X5 IV (G05/G18) Рестайлинг,104000,9094800,2023,49000,4.4 л.,автомат,Бишкек,https://im.mashina.kg/tachka/images/d/b/2/db2d5781f8c0e860bf0740f636055693_640x480.jpg
https://mashina.kg/details/toyota-tundra-6988701fe1600246963764,Toyota Tundra II Рестайлинг,45000,3935250,2018,177000,5.7 л.,автомат,Бишкек,https://im.mashina.kg/tachka/images/2/1/9/2194bbfb24bb1208a54ea4e9b9ea9086_640x480.jpg
https://mashina.kg/details/bmw-x5-69fb7429d1100731002254,BMW X5 IV (G05/G18),63500,5553075,2020,72000,4.4 л.,автомат,Бишкек,https://im.mashina.kg/tachka/images/d/b/4/db4f6b40751874e9cfe37acc5a4e2bda_640x480.jpg
https://mashina.kg/details/bmw-5-serii-69fcad4449b00250084707,BMW 5 серии VII (G30/G31) Рестайлинг,37000,3235650,2021,50000,2.0 л.,автомат,Бишкек,https://im.mashina.kg/tachka/images/1/1/f/11fe3c554a997f09dfa13bdcd7c8b33f_640x480.jpg
https://mashina.kg/details/bmw-x7-69e21501682b3374043910,BMW X7 I (G07),83000,7258350,2022,18300,4.4 л.,автомат,Бишкек,https://im.mashina.kg/tachka/images/1/1/7/117a8e96c0f30db11c2c24f5d7ad7d68_640x480.jpg
https://mashina.kg/details/kia-sorento-69fb3b79a76a7008091676,Kia Sorento III Prime Рестайлинг,18500,1617825,2019,195000,2.2 л.,автомат,Бишкек,https://im.mashina.kg/tachka/images/f/8/9/f89f1aa4d0985b491d4826fdf1f1b38b_640x480.jpg
https://mashina.kg/details/volvo-xc90-69f880c806d4a365184276,Volvo XC90 II,27000,2361150,2018,230000,2.0 л.,автомат,Бишкек,https://im.mashina.kg/tachka/images/9/8/b/98b944489f46410815b0c785d2fa4a23_640x480.jpg
https://mashina.kg/details/geely-tugella-690b134d9483c056158891,Geely Tugella I Рестайлинг,19000,1661550,2022,28936,2.0 л.,автомат,Бишкек,https://im.mashina.kg/tachka/images/3/5/0/35019eac1d8d18fb76d55e57067f99d5_640x480.jpg
https://mashina.kg/details/kia-k3-69e7b4f09f431130615924,Kia K3 II,13700,1198065,2019,112500,1.6 л.,вариатор,Бишкек,https://im.mashina.kg/tachka/images/3/2/2/322492a0f0dd4dec0106ad1c05c55405_640x480.jpg
https://mashina.kg/details/toyota-4runner-69ff397c00831026255120,Toyota 4Runner V Рестайлинг,30500,2667225,2019,140012,4.0 л.,автомат,Бишкек,https://im.mashina.kg/tachka/images/e/e/6/ee6fa0c3f91174e1321b1fd45e0f8e8d_640x480.jpg
https://mashina.kg/details/kia-carnival-69fae5c31669c169844761,Kia Carnival IV Рестайлинг,33300,2912085,2024,99000,1.6 л.,автомат,Бишкек,https://im.mashina.kg/tachka/images/e/7/5/e759267e70f0bb2d962b60fec2880852_640x480.jpg
https://mashina.kg/details/hyundai-sonata-69dbf5874619e008208276,Hyundai Sonata VIII (DN8),14000,1224300,2019,149000,2.0 л.,автомат,Бишкек,https://im.mashina.kg/tachka/images/2/1/2/212bc42c805873c426e5ff78ab6f55f1_640x480.jpg
https://mashina.kg/details/kia-k5-6a001228412e6125734882,Kia K5 II,11300,988185,2020,350000,2.0 л.,автомат,Бишкек,https://im.mashina.kg/tachka/images/b/e/3/be351bf84b8b6e5179584ab90f653238_640x480.jpg
https://mashina.kg/details/mercedesbenz-gklass-amg-69e8c3fcdb47d831854805,Mercedes-Benz G-Класс AMG II (W463),138000,12068100,2020,20407,4.0 л.,автомат,Бишкек,https://im.mashina.kg/tachka/images/7/f/a/7fa6c10e83979b8a1600df6e5771ef52_640x480.jpg
https://mashina.kg/details/kia-sportage-69fca53d3cafa936997599,Kia Sportage IV Рестайлинг,18990,1660676,2020,133000,2.0 л.,автомат,Бишкек,https://im.mashina.kg/tachka/images/5/e/8/5e860963db3a10800ebad459141cf659_640x480.jpg
https://mashina.kg/details/bmw-x5-69de80807134f026448272,BMW X5 IV (G05/G18),67000,5859150,2022,15000,3.0 л.,автомат,Бишкек,https://im.mashina.kg/tachka/images/0/8/b/08b0906d5187a0bf880c5319cfbd2aa9_640x480.jpg
https://mashina.kg/details/honda-mnv-69a8f8b640e22629384210,Honda M-NV I,12500,1093125,2021,80633,,,Бишкек,https://im.mashina.kg/tachka/images/3/3/e/33e1c8ce4df49268806a4cf7fe7ae14d_640x480.jpg
https://mashina.kg/details/toyota-camry-69f0d41e0a096508935374,Toyota Camry VII (XV50),10000,874500,2012,290000,2.5 л.,автомат,Бишкек,https://im.mashina.kg/tachka/images/8/9/2/89274771d90ead915759c15d8a5e5e84_640x480.jpg
https://mashina.kg/details/weltmeister-w6-69a81b7980169004723838,Weltmeister W6,12500,1093125,2021,45735,,,Бишкек,https://im.mashina.kg/tachka/images/5/e/5/5e574bf21947c9b1b2132989d32dc906_640x480.jpg
https://mashina.kg/details/toyota-rav4-69cde79f489ff710057814,Toyota RAV4 V (XA50),20900,1827705,2019,200000,2.5 л.,автомат,Бишкек,https://im.mashina.kg/tachka/images/6/2/6/6263a9d385fe4bb07a82bde81fd4239f_640x480.jpg
https://mashina.kg/details/kia-sportage-69ebb46c5137f023734708,Kia Sportage IV,11500,1005675,2016,165165,2.0 л.,автомат,Бишкек,https://im.mashina.kg/tachka/images/b/1/5/b15f57794a9f294bc4ee52c6418157f3_640x480.jpg
https://mashina.kg/details/mazda-cx-5-6a073d08f56c97fa4e798941,Продажа Mazda CX-5 II 2017,16600,1451670,2017,214000,2.5 л.,автомат,Бишкек,https://storage.mashina.kg/catalog/images/2026-05-15/10034241/6a535fbad91b5336842ab8eb582909ce_medium.webp
https://mashina.kg/details/hyundai-sonata-69e71ccf9d561486234116,Hyundai Sonata VII (LF) Рестайлинг,10700,935715,2019,255000,2.0 л.,автомат,Ош,https://im.mashina.kg/tachka/images/e/f/e/efe3b62d9ca2fddb65313c06bff89774_640x480.jpg
https://mashina.kg/details/hyundai-santa-fe-69fdcce63db91655300800,Hyundai Santa Fe IV,18000,1574100,2019,139000,2.2 л.,автомат,Бишкек,https://im.mashina.kg/tachka/images/7/4/d/74d58498e1277f6dfb533aa8a94d61b6_640x480.jpg
https://mashina.kg/details/kia-sportage-6a0813108ba8dcda0ab94706,Продажа Kia Sportage IV Рестайлинг 2019,14500,1268025,2019,141000,2.0 л.,автомат,Бишкек,https://storage.mashina.kg/catalog/images/2026-05-16/10034627/5efa860dd7620e469bcf4492c43e6518_medium.webp
https://mashina.kg/details/jeep-grand-cherokee-6a098eb89ddafc9e3bfdf201,Продажа Jeep Grand Cherokee V (WL) 2021,25800,2256210,2021,114000,3.6 л.,автомат,Бишкек,https://storage.mashina.kg/catalog/images/2026-05-17/10035815/c323550c3707901c269123b949ffe325_medium.webp
https://mashina.kg/details/bmw-m5-6a09727081383d2a986eaa68,Продажа BMW M5 V (F10) 2013,34000,2973300,2013,143000,4.4 л.,робот,Бишкек,https://storage.mashina.kg/catalog/images/2026-05-17/10035647/836e312bc29b56ae4504ca355c8f59ea_medium.webp
https://mashina.kg/details/toyota-4runner-6948355e2809d944420592,Toyota 4Runner V Рестайлинг,45300,3961485,2023,33500,4.0 л.,автомат,Бишкек,https://im.mashina.kg/tachka/images/b/b/6/bb634fe3e068d6e00ef02b9bf861339c_640x480.jpg
https://mashina.kg/details/lixiang-l7-6a06b3d785f1bf47424c10fe,Продажа LiXiang L7 Рестайлинг 2024,37500,3279375,2024,9000,1.5 л.,автомат,Бишкек,https://storage.mashina.kg/catalog/images/2026-05-15/10033505/e36a7fc3c367119914a3de0837cdef64_medium.webp
https://mashina.kg/details/lexus-gx-6a06e6c30b9a3c57c3f26292,Продажа Lexus GX I 2008,28500,2492325,2008,212000,4.7 л.,автомат,Ош,https://storage.mashina.kg/catalog/images/2026-05-15/10033810/9b1df013ef3d27c28937de3f74d4109e_medium.webp
https://mashina.kg/details/subaru-ascent-6a05deaf982050441a0bd152,Продажа Subaru Ascent I 2018,19500,1705275,2018,130000,2.4 л.,вариатор,Бишкек,https://storage.mashina.kg/catalog/images/2026-05-14/10032895/0db3a6e575845ec61b5870e4ed188f6e_medium.webp
https://mashina.kg/details/honda-stream-69fb725f0cdf9282775022,Honda Stream I Рестайлинг,5946,520000,2004,300000,1.7 л.,автомат,Бишкек,https://im.mashina.kg/tachka/images/3/a/8/3a8fe68c75691423949f67efe31f1077_640x480.jpg
https://mashina.kg/details/land-rover-range-rover-6a01f18aaa5d5857686571,Land Rover Range Rover V,128000,11193600,2022,120000,4.4 л.,автомат,Бишкек,https://im.mashina.kg/tachka/images/a/c/8/ac83299e3565a4ec0cd9b29647bae0a7_640x480.jpg
https://mashina.kg/details/kia-morning-6a01c32e097bc480878228,Kia Morning III,7700,673365,2018,106579,1.0 л.,автомат,с. Булан-Соготту,https://im.mashina.kg/tachka/images/6/8/b/68b98fefdb1b11b878f70516e5e4d1f8_640x480.jpg
https://mashina.kg/details/bmw-x5-6a01693e77eb6923617773,BMW X5 IV (G05/G18),35000,3060750,2019,50000,3.0 л.,автомат,Бишкек,https://im.mashina.kg/tachka/images/1/6/7/1670bc8341a3dc34bf8318816134ffe3_640x480.jpg
https://mashina.kg/details/bmw-x5-69e4a569a3140757846041,BMW X5 IV (G05/G18),36500,3191925,2019,129000,3.0 л.,автомат,Бишкек,https://im.mashina.kg/tachka/images/7/f/d/7fd1faf0ec8caeb847e2d657662da13e_640x480.jpg
https://mashina.kg/details/bmw-1-serii-693a3226174b4212481152,BMW 1 серии III (F52) Рестайлинг,22600,1976370,2021,23000,1.5 л.,робот,Китай,https://im.mashina.kg/tachka/images/9/1/2/912f4b7f8a3058c7526dabafc54106a4_640x480.jpg
https://mashina.kg/details/toyota-camry-69f75edca2e20518657316,Toyota Camry VIII (XV70) Рестайлинг,20800,1818960,2020,78000,2.5 л.,автомат,Бишкек,https://im.mashina.kg/tachka/images/4/b/b/4bba550b7143f58bcaaeb7b0eb3e9284_640x480.jpg
https://mashina.kg/details/kia-sportage-69f2d5d172802950327792,Kia Sportage V,21500,1880175,2022,110000,2.0 л.,автомат,Бишкек,https://im.mashina.kg/tachka/images/d/f/5/df56cf94709bef9d3248cecd9e294e83_640x480.jpg
https://mashina.kg/details/mercedesbenz-sklass-68e26b7c2c51d646469737,Mercedes-Benz S-Класс V (W221) Рестайлинг,22000,1923900,2011,110000,4.7 л.,автомат,Бишкек,https://im.mashina.kg/tachka/images/7/6/e/76eb573eec7d8fec4928b7302329f9d9_640x480.jpg
https://mashina.kg/details/toyota-rav4-6664365dc59a3297842515,Toyota RAV4 IV (XA40) Рестайлинг,23500,2055075,2018,81000,2.5 л.,вариатор,Бишкек,https://im.mashina.kg/tachka/images/2/5/c/25c766f37da9b4aaad3f3125acac8522_640x480.jpg
https://mashina.kg/details/mercedesbenz-eklass-69a412ef21446007848647,"Mercedes-Benz E-Класс III (W211, S211)",8500,743325,2004,278000,2.6 л.,автомат,Бишкек,https://im.mashina.kg/tachka/images/8/0/0/800f24f9fe9d2428ce147da5c446c57c_640x480.jpg
https://mashina.kg/details/kia-k5-69676dada20f6793799213,Kia K5 II,12000,1049400,2019,133000,2.0 л.,автомат,Гульча,https://im.mashina.kg/tachka/images/8/d/d/8dd7a11fefef1a98c267c84636864324_640x480.jpg
https://mashina.kg/details/hyundai-sonata-6a093e9fd75ca181fb928792,Продажа Hyundai Sonata VII (LF) Рестайлинг 2020,11700,1023165,2020,150000,2.0 л.,автомат,Базар-Коргон,https://storage.mashina.kg/catalog/images/2026-05-17/10035439/c46e062b3c52a0ba0f86a018c3cead04_medium.webp
https://mashina.kg/details/toyota-highlander-68ee6a99a7013028060773,Toyota Highlander II (U40) Рестайлинг,18000,1574100,2011,186100,3.5 л.,автомат,Бишкек,https://im.mashina.kg/tachka/images/5/f/f/5fff2c8a000e774b9f5de7871497bc66_640x480.jpg
https://mashina.kg/details/ssangyong-rexton-6929b26210bb1533392551,SsangYong Rexton I,9720,850000,2006,203000,2.7 л.,автомат,Бишкек,https://im.mashina.kg/tachka/images/f/9/0/f907c801587a249ec160b179c31ba307_640x480.jpg
https://mashina.kg/details/subaru-outback-699c9607df04a738471982,Subaru Outback V Рестайлинг,16000,1399200,2018,177108,2.5 л.,вариатор,Бишкек,https://im.mashina.kg/tachka/images/a/d/b/adbdb5a690f46db04c2bd07f27428a1c_640x480.jpg
https://mashina.kg/details/kia-k3-69fd4ecf39a43095113370,Kia K3 II,11600,1014420,2019,113000,1.6 л.,вариатор,Бишкек,https://im.mashina.kg/tachka/images/d/d/f/ddfb5781f88646fd6265303d76c6be18_640x480.jpg
https://mashina.kg/details/bmw-5-serii-69fd7ce09631d334649552,BMW 5 серии VII (G30/G31),26700,2334915,2019,92000,2.0 л.,автомат,Бишкек,https://storage.mashina.kg/catalog/images/2026-05-13/4559402/cd215b6d96bccec94b1202223ddb5599_medium.webp
https://mashina.kg/details/kia-k5-69eb9641e18d3377063537,Kia K5 II,12700,1110615,2019,135700,2.0 л.,автомат,Бишкек,https://im.mashina.kg/tachka/images/a/4/4/a445134e0b3bc253c7967b066954b747_640x480.jpg
https://mashina.kg/details/bmw-x5-6a097605a730319ba084540a,Продажа BMW X5 IV (G05/G18) 2020,42600,3725370,2020,143000,3.0 л.,автомат,Бишкек,https://storage.mashina.kg/catalog/images/2026-05-17/10035665/f42e163728290ace1b0f9eb385dd82e5_medium.webp
https://mashina.kg/details/subaru-ascent-69f8be4761c14145381265,Subaru Ascent I,22500,1967625,2020,88777,2.4 л.,вариатор,Бишкек,https://im.mashina.kg/tachka/images/b/1/a/b1ac9122d26de623f940547f8809fd24_640x480.jpg
https://mashina.kg/details/mg-6-69f067dc874f5776619404,MG 6 II,16000,1399200,2024,3500,1.5 л.,робот,Бишкек,https://im.mashina.kg/tachka/images/8/5/8/8581207029451e58574cc5ee8b68c0d2_640x480.jpg
https://mashina.kg/details/toyota-rav4-69f8c2e43178b499669527,Toyota RAV4 IV (XA40) Рестайлинг,16500,1442925,2016,56666,2.5 л.,автомат,Бишкек,https://im.mashina.kg/tachka/images/b/f/8/bf88efe4ee4ec788068dd701c333099d_640x480.jpg
https://mashina.kg/details/hyundai-santa-fe-6a0065d8ecd8f951499822,Hyundai Santa Fe II,9720,850000,2010,277888,2.0 л.,автомат,Ош,https://im.mashina.kg/tachka/images/c/5/0/c50f7babc0f7ac967baaf39be6a1f512_640x480.jpg
https://mashina.kg/details/bmw-x7-69e5a6327b92c520275788,BMW X7 I (G07),50000,4372500,2019,90000,3.0 л.,автомат,Бишкек,https://im.mashina.kg/tachka/images/f/f/7/ff78ba08e65c5edb4114f7b89366d22f_640x480.jpg
https://mashina.kg/details/toyota-sienna-69fc5853907ed026045267,Toyota Sienna III Рестайлинг 2,23500,2055075,2019,167888,3.5 л.,автомат,Бишкек,https://im.mashina.kg/tachka/images/9/b/1/9b10b29925a2f3400d9428fb11120a09_640x480.jpg
https://mashina.kg/details/lexus-lx-6a018d530f9d1418701217,Lexus LX III Рестайлинг 2,98000,8570100,2019,60000,5.7 л.,автомат,Бишкек,https://im.mashina.kg/tachka/images/5/d/d/5dda4a6fdc2a6c569f6ee7100b510278_640x480.jpg
https://mashina.kg/details/renault-samsung-qm6-69f45cac93edf190329217,Renault Samsung QM6 I Рестайлинг,13500,1180575,2019,110888,2.0 л.,вариатор,Бишкек,https://im.mashina.kg/tachka/images/9/0/2/90299ef943060b3589f99c6a416b7cff_640x480.jpg
https://mashina.kg/details/hyundai-sonata-69f4a75a93df9909990318,Hyundai Sonata VIII (DN8),12200,1066890,2022,190888,2.0 л.,автомат,Бишкек,https://im.mashina.kg/tachka/images/4/0/6/406a4314c0861410769fb7cc03ab0bef_640x480.jpg
https://mashina.kg/details/bmw-x5-69c289481d040400833678,BMW X5 III (F15),19500,1705275,2017,150000,3.0 л.,автомат,Бишкек,https://im.mashina.kg/tachka/images/2/8/6/28695fc1f781864964a382e076494c9d_640x480.jpg
https://mashina.kg/details/mitsubishi-pajero-6a001698d5ac7281655191,Mitsubishi Pajero II,4688,410000,1993,387000,2.8 л.,автомат,Ош,https://im.mashina.kg/tachka/images/4/9/5/49564a0ed6582ff790c13f7c6e42a2cf_640x480.jpg
https://mashina.kg/details/hyundai-grandeur-69edb5a213b61617409966,Hyundai Grandeur VI,14800,1294260,2018,170000,3.0 л.,автомат,Бишкек,https://im.mashina.kg/tachka/images/f/f/8/ff83ab15cfcfcc79b2abc5fb4ac55dbf_640x480.jpg
https://mashina.kg/details/daewoo-matiz-69f5d8846c947433385975,Daewoo Matiz I Рестайлинг,3316,290000,2014,185000,0.8 л.,автомат,Ош,https://im.mashina.kg/tachka/images/7/8/7/78738b7461c09852fe5c1934c1f8f874_640x480.jpg
https://mashina.kg/details/toyota-prius-c-69de5b47e624a359365998,Toyota Prius c I Рестайлинг,11000,961950,2016,112975,1.5 л.,вариатор,Араван,https://im.mashina.kg/tachka/images/3/c/4/3c4dfc02ed2d434a92837257f1511dda_640x480.jpg
https://mashina.kg/details/toyota-highlander-69f0f630cc96f859762127,Toyota Highlander I (U20) Рестайлинг,13600,1189320,2004,331524,3.3 л.,автомат,Бишкек,https://im.mashina.kg/tachka/images/f/c/1/fc137dc3ebb667581783f0d64277d42e_640x480.jpg
https://mashina.kg/details/toyota-highlander-69d81d9d4995a203896780,Toyota Highlander II (U40) Рестайлинг,19500,1705275,2012,280000,3.5 л.,автомат,Токмок,https://im.mashina.kg/tachka/images/8/6/3/863e61ff5815a922a53de0a47d304b7c_640x480.jpg
https://mashina.kg/details/opel-astra-69caa186224de588609891,Opel Astra G,4574,400000,2003,293000,1.6 л.,механика,Ош,https://im.mashina.kg/tachka/images/1/e/e/1ee4548f347783b2337ac9cd266beefb_640x480.jpg
https://mashina.kg/details/toyota-wish-69dbaabacf832557240287,Toyota Wish I,5706,499000,2003,299000,2.0 л.,вариатор,Манас (Джалал-Абад),https://im.mashina.kg/tachka/images/d/7/b/d7b5241ed69a34d3ea5c162fff71ffb7_640x480.jpg
https://mashina.kg/details/toyota-allex-69ecb5fe3a493059614761,Toyota Allex,5718,500000,2003,170000,1.5 л.,автомат,Кочкор-Ата,https://im.mashina.kg/tachka/images/a/9/0/a90734c42d12993a1c715031c269986c_640x480.jpg
https://mashina.kg/details/toyota-camry-69f5c5385dada583106642,Toyota Camry VI (XV40),7890,690000,2008,310000,2.4 л.,автомат,Манас (Джалал-Абад),https://im.mashina.kg/tachka/images/3/a/b/3ab305406b62dca732e6546e86aeead2_640x480.jpg
https://mashina.kg/details/volkswagen-jetta-69fa0638cc085014637985,Volkswagen Jetta VI,7200,629640,2014,30000,1.6 л.,автомат,Бишкек,https://im.mashina.kg/tachka/images/5/0/8/50817cb2a4f51d7e273ef6081dc330cc_640x480.jpg
https://mashina.kg/details/kia-morning-69ee2300d64f5826255449,Kia Morning III,7433,650000,2017,134000,1.0 л.,автомат,Ош,https://im.mashina.kg/tachka/images/9/c/6/9c664d593eb32dad654d94e7c81acfa9_640x480.jpg
https://mashina.kg/details/daewoo-matiz-69f72f177979e830364866,Daewoo Matiz I Рестайлинг,2287,199999,2000,274000,0.8 л.,механика,Ош,https://im.mashina.kg/tachka/images/4/e/7/4e77c91bbdce71815dc92fd5ac6c5672_640x480.jpg
https://mashina.kg/details/toyota-rav4-69ca8346b7a8a019308620,Toyota RAV4 IV (XA40),15600,1364220,2013,109000,2.5 л.,автомат,Бишкек,https://im.mashina.kg/tachka/images/3/f/6/3f6c0fc39a0692131657283259568e50_640x480.jpg
https://mashina.kg/details/hyundai-starex-h1-69ef4bd32a6f8840700262,Hyundai Starex (H-1) II,12000,1049400,2008,100000,2.5 л.,автомат,Бишкек,https://im.mashina.kg/tachka/images/d/4/8/d482e656f9260fe4929ae2859373bfc2_640x480.jpg
https://mashina.kg/details/hyundai-avante-6a0167485839d254632132,Hyundai Avante VII,11990,1048526,2021,162000,1.6 л.,вариатор,Манас (Джалал-Абад),https://im.mashina.kg/tachka/images/2/c/0/2c00a40b68deb004d47968dd2ef2463f_640x480.jpg
https://mashina.kg/details/kia-k3-698855de15c0f426229926,Kia K3 II,12500,1093125,2019,96000,1.6 л.,вариатор,Бишкек,https://im.mashina.kg/tachka/images/2/7/e/27ed1850e456bacf075a76d1c2ea7086_640x480.jpg
https://mashina.kg/details/honda-elysion-6a07ea962de5ab035687b498,Продажа Honda Elysion I Рестайлинг 2007,13000,1136850,2007,284962,3.0 л.,автомат,Бишкек,https://storage.mashina.kg/catalog/images/2026-05-16/10034508/3fb64235b9b4e0d723a2d6dad44ecc14_medium.webp
https://mashina.kg/details/genesis-g70-6a09863949f23a2c4e0b86bd,Продажа Genesis G70 I Рестайлинг 2023,33000,2885850,2023,55000,3.3 л.,автомат,Ош,https://storage.mashina.kg/catalog/images/2026-05-17/10035770/59e75f60b024f1ca234d80482a4e165e_medium.webp
https://mashina.kg/details/audi-q3-69eafe1ab4531838736619,Audi Q3 II (F3),39900,3489255,2026,10,2.0 л.,робот,Бишкек,https://im.mashina.kg/tachka/images/8/6/3/8638f59669e505f2270f4ae30bca64ad_640x480.jpg
https://mashina.kg/details/toyota-highlander-69eb36bee5720588971077,Toyota Highlander IV (U70),46100,4031445,2026,10,2.0 л.,автомат,-1,https://im.mashina.kg/tachka/images/2/6/0/2606a53d0192a2be8d3f133e86ea3cf3_640x480.jpg
https://mashina.kg/details/volkswagen-tharu-69eb1ef5769c9042444796,Volkswagen Tharu I Рестайлинг,20000,1749000,2026,10,1.5 л.,робот,Бишкек,https://im.mashina.kg/tachka/images/1/d/8/1d84d1b1b67433268bb81f9e07d66ab1_640x480.jpg
https://mashina.kg/details/lexus-nx-69a55040d7ea1327295563,Lexus NX II,55000,4809750,2025,20,2.0 л.,вариатор,Бишкек,https://im.mashina.kg/tachka/images/b/d/a/bda32dde77a7a486466247328a0a2604_640x480.jpg
https://mashina.kg/details/toyota-rav4-6a0576960ecd1ccf221c36e0,Продажа Toyota RAV4 V (XA50) 2026,33100,2894595,2026,10,2.0 л.,вариатор,Бишкек,https://storage.mashina.kg/catalog/images/2026-05-14/10032425/7bf5ac5f9810aa0cabddffc4f5fe631d_medium.webp
https://mashina.kg/details/toyota-highlander-6992cf7245996203100165,Toyota Highlander IV (U70),44300,3874035,2025,20,2.0 л.,автомат,Бишкек,https://im.mashina.kg/tachka/images/1/d/1/1d1eb2134a95a3d94afcffd3e381a141_640x480.jpg
https://mashina.kg/details/land-rover-range-rover-evoque-6985a4ddb01e6706411039,Land Rover Range Rover Evoque II Рестайлинг,49500,4328775,2025,15,2.0 л.,автомат,Бишкек,https://im.mashina.kg/tachka/images/9/a/e/9ae31e948e58af58f8871cd0a0ff3568_640x480.jpg
https://mashina.kg/details/volkswagen-teramont-69f88aaabc57b827794490,Volkswagen Teramont I Рестайлинг (China Market),52500,4591125,2026,10,2.0 л.,робот,Бишкек,https://im.mashina.kg/tachka/images/9/e/4/9e4f70918386d9a81529b7acad0fe573_640x480.jpg
https://mashina.kg/details/changan-unik-69fb30fbcbb44270258272,Changan UNI-K,24000,2098800,2025,15,2.0 л.,автомат,Бишкек,https://im.mashina.kg/tachka/images/b/4/2/b421f9816c93f33068c624fb597964cd_640x480.jpg
https://mashina.kg/details/honda-odyssey-69f5f2eaad42b109905484,Honda Odyssey II,6575,575000,2002,187100,2.3 л.,автомат,Майлуу-Суу,https://im.mashina.kg/tachka/images/d/6/a/d6a84c1e2e6ea9f2e5b0fb86c62cdc30_640x480.jpg
https://mashina.kg/details/bmw-x3-69f609590ac35001680839,BMW X3 III (G01),36300,3174435,2020,78000,2.0 л.,автомат,Бишкек,https://im.mashina.kg/tachka/images/b/5/e/b5e9ebfcde6c96704943e302dabd7088_640x480.jpg
https://mashina.kg/details/hyundai-avante-69cc927847e7a524588178,Hyundai Avante VII,12700,1110615,2022,160000,1.6 л.,робот,Бишкек,https://im.mashina.kg/tachka/images/9/a/c/9ace9e9d51e1053321c7d4dcc3624fb8_640x480.jpg
https://mashina.kg/details/toyota-land-cruiser-69bbfa9643fd9518064489,Toyota Land Cruiser 200 Series Рестайлинг 2,73000,6383850,2016,86500,4.6 л.,автомат,Чолпон-Ата,https://im.mashina.kg/tachka/images/3/9/6/3967548bdcc3d104de2e9d50aa8ad8c6_640x480.jpg
https://mashina.kg/details/subaru-outback-69c7f696c5db2929158618,Subaru Outback V,14500,1268025,2017,172000,2.5 л.,вариатор,Бишкек,https://im.mashina.kg/tachka/images/1/6/0/16017f52392c626b5264e1f7f774624d_640x480.jpg
https://mashina.kg/details/kia-seltos-69c206a599bf9811380717,Kia Seltos I,13900,1215555,2019,159000,1.6 л.,робот,Бишкек,https://im.mashina.kg/tachka/images/a/4/5/a4561610a8ab4120c78c9829cabe0de1_640x480.jpg
https://mashina.kg/details/hyundai-sonata-6a074bdd11064cf657ecdb03,Продажа Hyundai Sonata VII (LF) Рестайлинг 2019,9990,873626,2019,370000,2.0 л.,автомат,Бишкек,https://storage.mashina.kg/catalog/images/2026-05-15/10034289/1e7a43d2009adf127257250c844ae9e1_medium.webp
https://mashina.kg/details/honda-crv-69fc65e3d0e1f208449402,Honda CR-V V Рестайлинг,15550,1359848,2020,50620,1.5 л.,вариатор,Бишкек,https://im.mashina.kg/tachka/images/d/5/7/d5788da4b8af2346bd0185779d5ca99f_640x480.jpg
https://mashina.kg/details/toyota-rav4-691be6cdce98c438025006,Toyota RAV4 IV (XA40) Рестайлинг,21500,1880175,2017,96560,2.5 л.,вариатор,Бишкек,https://im.mashina.kg/tachka/images/9/e/a/9eaba42027bd9947627f258679c30bd8_640x480.jpg
https://mashina.kg/details/chevrolet-equinox-69ec9e3a5b44c784149109,Chevrolet Equinox III,9555,835585,2019,83000,1.5 л.,автомат,Бишкек,https://im.mashina.kg/tachka/images/c/8/a/c8a7f820830dfd3249a92cc5e3391c12_640x480.jpg
https://mashina.kg/details/land-rover-range-rover-velar-69ee44cfd68e3265607415,Land Rover Range Rover Velar I,31999,2798313,2018,153000,3.0 л.,автомат,Бишкек,https://im.mashina.kg/tachka/images/b/b/9/bb94446a8d135ea85b44bfda17caa0cc_640x480.jpg
https://mashina.kg/details/renault-samsung-sm6-69f2bbd57c16f382366841,Renault Samsung SM6 I,7300,638385,2018,125000,2.0 л.,вариатор,Бишкек,https://im.mashina.kg/tachka/images/c/0/2/c02ffc137a4a6070c8d7ec28af5eb4a9_640x480.jpg
https://mashina.kg/details/toyota-camry-6958c965dc9e6357786705,Toyota Camry VIII (XV70),19199,1678953,2020,108000,2.5 л.,автомат,Бишкек,https://im.mashina.kg/tachka/images/1/0/c/10c6fffb9addbe670e19812d64450aa5_640x480.jpg
https://mashina.kg/details/hyundai-grandeur-69ecc224918f7486046429,Hyundai Grandeur VI Рестайлинг,17500,1530375,2021,151800,2.4 л.,автомат,Бишкек,https://im.mashina.kg/tachka/images/9/a/0/9a0703b33ed0241417d17f24a19e61f1_640x480.jpg
https://mashina.kg/details/kia-k3-69f06b260dd37503449802,Kia K3 II Рестайлинг,12500,1093125,2021,121000,1.6 л.,вариатор,Бишкек,https://im.mashina.kg/tachka/images/9/c/2/9c2c6e7ad6664e092b3716e49a5b7b1e_640x480.jpg
https://mashina.kg/details/land-rover-discovery-685e91740b7b1868343425,Land Rover Discovery V,31500,2754675,2018,121000,3.0 л.,автомат,Бишкек,https://im.mashina.kg/tachka/images/f/5/5/f55d58b0fefbc822bd8dfd93667e2db5_640x480.jpg
https://mashina.kg/details/toyota-highlander-67b2e2a2c7b33117015927,Toyota Highlander II (U40) Рестайлинг,19500,1705275,2012,133000,3.5 л.,автомат,Бишкек,https://im.mashina.kg/tachka/images/7/f/f/7ff90ec8422572ba09e0974db7f720d3_640x480.jpg
https://mashina.kg/details/subaru-outback-69cbd4d675305550593222,Subaru Outback VI,20800,1818960,2022,137000,2.5 л.,вариатор,Бишкек,https://im.mashina.kg/tachka/images/1/c/5/1c531707327b5500889cee477d5a6b55_640x480.jpg
https://mashina.kg/details/hyundai-avante-69e4f73601482295587978,Hyundai Avante VI Рестайлинг,11200,979440,2019,127000,1.6 л.,автомат,Ош,https://im.mashina.kg/tachka/images/f/6/7/f67a2ce0a104dc326637a28f98b47706_640x480.jpg
https://mashina.kg/details/kia-mohave-69c264e7866aa755544304,Kia Mohave I Рестайлинг 2,26500,2317425,2020,123000,3.0 л.,автомат,Бишкек,https://im.mashina.kg/tachka/images/5/0/2/502e62422420afab66b471a483349527_640x480.jpg
https://mashina.kg/details/subaru-ascent-69ef70f7e9536302662400,Subaru Ascent I,18700,1635315,2021,86000,2.4 л.,вариатор,Бишкек,https://im.mashina.kg/tachka/images/0/a/0/0a0a77f67239cd21673f93ddeeda8693_640x480.jpg
https://mashina.kg/details/toyota-rav4-6a09beae7ca1c7706d99a653,Продажа Toyota RAV4 IV (XA40) Рестайлинг 2018,16600,1451670,2018,135335,2.5 л.,автомат,Ош,https://storage.mashina.kg/catalog/images/2026-05-17/10036053/7fac0d14bbe206480b81e1e347041dd4_medium.webp
https://mashina.kg/details/volkswagen-golf-6a0996da4d4852bd5d00dec6,Продажа Volkswagen Golf IV 2002,4803,420000,2002,300000,1.6 л.,механика,Сокулук,https://storage.mashina.kg/catalog/images/2026-05-17/10035868/290d6f19eb2687877feb9af768b305f6_medium.webp
https://mashina.kg/details/bmw-x5-6a07959e527dcdf87ffd865f,Продажа BMW X5 IV (G05/G18) 2020,24800,2168760,2020,83000,3.0 л.,автомат,Бишкек,https://storage.mashina.kg/catalog/images/2026-05-15/10034401/101dd31ae939d244cf8814e765ebecc7_medium.webp
https://mashina.kg/details/ssangyong-korando-6a0023b40248b029033129,SsangYong Korando IV,13000,1136850,2019,153000,1.6 л.,автомат,Бишкек,https://im.mashina.kg/tachka/images/7/2/3/723796fa468fecbd87ecf8dd547190ac_640x480.jpg
https://mashina.kg/details/land-rover-range-rover-69d1139d64baa790054266,Land Rover Range Rover IV Рестайлинг,75000,6558750,2019,115574,4.4 л.,автомат,Бишкек,https://im.mashina.kg/tachka/images/0/5/4/054c2a6d3af64f1c9333659da7cf242d_640x480.jpg
https://mashina.kg/details/bmw-x5-69f5b444aecee008454836,BMW X5 II (E70) Рестайлинг,16000,1399200,2011,320000,3.0 л.,автомат,Бишкек,https://im.mashina.kg/tachka/images/7/0/9/70984e53728dbc74ab3fc61fc0fd020d_640x480.jpg
https://mashina.kg/details/bmw-m6-69f36efc17e1f093194160,BMW M6 III (F06/F13/F12),52000,4547400,2012,50000,4.4 л.,робот,Бишкек,https://im.mashina.kg/tachka/images/6/c/2/6c235fadba24ed10f560226550304af2_640x480.jpg
https://mashina.kg/details/kia-k7-69f3743c9ded9717610176,Kia K7 YG (II) Рестайлинг,17800,1556610,2020,182000,2.4 л.,автомат,Манас (Джалал-Абад),https://im.mashina.kg/tachka/images/4/4/8/4485d810f54f448306b77a76a03c6e44_640x480.jpg
https://mashina.kg/details/kia-k5-6964e5167b581445140293,Kia K5 II,8000,699600,2019,545000,2.0 л.,автомат,Бишкек,https://im.mashina.kg/tachka/images/d/f/b/dfb5e33719b83ff3654f9ffd11ff3e48_640x480.jpg
https://mashina.kg/details/daewoo-matiz-69f2c185d8a58706822037,Daewoo Matiz I Рестайлинг,1601,140000,2004,112233,0.8 л.,механика,Манас (Джалал-Абад),https://im.mashina.kg/tachka/images/d/d/a/ddaa32517535f67e9eb32a0c3ecb953e_640x480.jpg
https://mashina.kg/details/chevrolet-volt-69ae4529828ec368799696,Chevrolet Volt I,12700,1110615,2012,190000,1.4 л.,вариатор,Бишкек,https://im.mashina.kg/tachka/images/d/d/a/ddaebacca625bd33fe5e4d26e266e886_640x480.jpg
https://mashina.kg/details/hyundai-santa-fe-69dd0e346b405607373880,Hyundai Santa Fe IV,16800,1469160,2020,73000,2.4 л.,автомат,Базар-Коргон,https://im.mashina.kg/tachka/images/a/8/d/a8df21c3c6a240b7e36f246ae48d6722_640x480.jpg
https://mashina.kg/details/changan-deepal-g318-69b843ae2f3e0945769363,Changan Deepal G318,27000,2361150,2024,10,1.5 л.,автомат,Бишкек,https://im.mashina.kg/tachka/images/0/7/5/0758cf5e01915b77ca0bc86013c15d61_640x480.jpg
https://mashina.kg/details/kia-k5-69f8023944fbc481685931,Kia K5 III,13800,1206810,2020,148111,2.0 л.,автомат,Бишкек,https://im.mashina.kg/tachka/images/4/e/b/4eb0ff17d04fb2fcbea14ba446f4986a_640x480.jpg
https://mashina.kg/details/subaru-forester-69f9cb670b28d798639272,Subaru Forester II,6700,585915,2004,297341,2.0 л.,автомат,Ош,https://im.mashina.kg/tachka/images/2/d/a/2da82d5e8ed072a3a458d7c9c68e32b9_640x480.jpg
https://mashina.kg/details/lexus-es-69db76a0e488b846133460,Lexus ES VII,26000,2273700,2019,100000,2.5 л.,вариатор,Бишкек,https://im.mashina.kg/tachka/images/f/4/a/f4ae25e660f81fd104a3b580cbe53820_640x480.jpg
https://mashina.kg/details/hyundai-getz-69f82be931547941876906,Hyundai Getz I,5089,445000,2004,201000,1.4 л.,автомат,Кызыл-Кия,https://im.mashina.kg/tachka/images/e/7/7/e77c49b6be2b459235a37b5a5165d951_640x480.jpg
https://mashina.kg/details/kia-morning-6990037306a2c809114224,Kia Morning III,8348,730000,2019,130000,1.0 л.,автомат,Ош,https://im.mashina.kg/tachka/images/f/3/2/f325970cfd0ed6c19986261040ba1641_640x480.jpg
https://mashina.kg/details/toyota-highlander-69dbdba176e7a187039616,Toyota Highlander IV (U70),41300,3611685,2024,8100,2.4 л.,автомат,Бишкек,https://im.mashina.kg/tachka/images/c/0/2/c022417b45b0ddf7c22c13b31fee6a55_640x480.jpg
https://mashina.kg/details/mercedes-benz-s-klass-6883c85b91061122095428,"Mercedes-Benz S-Класс VI (W222, C217) Рестайлинг",48000,4197600,2019,168000,3.0 л.,автомат,Бишкек,https://im.mashina.kg/tachka/images/f/c/0/fc0fc061ecfd66c563095aba02abed11_640x480.jpg
https://mashina.kg/details/toyota-4runner-69fe009768aa0444129151,Toyota 4Runner V Рестайлинг,48000,4197600,2024,18990,4.0 л.,автомат,Бишкек,https://im.mashina.kg/tachka/images/b/d/3/bd348e669722ba104ea366dedb763788_640x480.jpg
https://mashina.kg/details/toyota-4runner-6a0866042dfd7cde5dc886b9,Продажа Toyota 4Runner V Рестайлинг 2022,48000,4197600,2022,41500,4.0 л.,автомат,Бишкек,https://storage.mashina.kg/catalog/images/2026-05-16/10035004/1c709878af1aba5b81c853857a154573_medium.webp
https://mashina.kg/details/renault-samsung-sm6-69930d79c57c6141834991,Renault Samsung SM6 I Рестайлинг,9999,874413,2021,142001,2.0 л.,вариатор,Ош,https://im.mashina.kg/tachka/images/1/5/e/15ef9b571fff0c66ee7c11d3f99f2cfe_640x480.jpg
https://mashina.kg/details/lexus-es-69fde6df8e331931273701,Lexus ES VI,18500,1617825,2014,152000,2.5 л.,вариатор,Бишкек,https://im.mashina.kg/tachka/images/e/1/d/e1d3134c22864e4e938d9bd2b6a94515_640x480.jpg
https://mashina.kg/details/hyundai-santa-fe-69fc89018d797567769548,Hyundai Santa Fe IV,17500,1530375,2018,152000,2.0 л.,автомат,Бишкек,https://im.mashina.kg/tachka/images/e/2/0/e20aa3c2b8a64d8440f3ec62d45f08ba_640x480.jpg
https://mashina.kg/details/toyota-land-cruiser-6a0929d139f8f0b48c05f1e9,Продажа Toyota Land Cruiser 200 Series 2010,26500,2317425,2010,243000,4.5 л.,автомат,Бишкек,https://storage.mashina.kg/catalog/images/2026-05-17/10035401/256bbc2123d2d451db84537e45f809e0_medium.webp
https://mashina.kg/details/kia-sorento-69ee07ca80463638269466,Kia Sorento IV,22500,1967625,2020,155000,1.6 л.,автомат,Бишкек,https://im.mashina.kg/tachka/images/9/0/f/90fccaa6f92a2b288138750586fbbdfb_640x480.jpg
https://mashina.kg/details/opel-astra-69b28f3e976bd371696785,Opel Astra G,1830,160000,1999,284053,1.8 л.,механика,Баткен,https://im.mashina.kg/tachka/images/c/f/c/cfc630edc638d1ae3622a18258f63231_640x480.jpg
https://mashina.kg/details/toyota-camry-6a089ea95b8bb473bbfd10b9,Продажа Toyota Camry VIII (XV70) 2020,26000,2273700,2020,93000,2.5 л.,автомат,Бишкек,https://storage.mashina.kg/catalog/images/2026-05-16/10035253/a1fc48cb5e4ed4ebd0d8f70eb354c8fc_medium.webp
https://mashina.kg/details/lixiang-l7-6a08141c7759cb16c807109c,Продажа LiXiang L7 Рестайлинг 2024,41800,3655410,2024,29363,1.5 л.,автомат,Бишкек,https://storage.mashina.kg/catalog/images/2026-05-16/10034631/1257f248fe77c39dab2f139c98ed4133_medium.webp
https://mashina.kg/details/hyundai-i30-6a075734987d9576f8a21723,Продажа Hyundai i30 II Рестайлинг 2016,6632,580000,2016,400000,1.6 л.,механика,Майлуу-Суу,https://storage.mashina.kg/catalog/images/2026-05-15/10034311/8a172873bf02cda136d523338a4916fd_medium.webp
https://mashina.kg/details/kia-carnival-69e8de4178f95861159852,Kia Carnival IV,27000,2361150,2020,125000,2.2 л.,автомат,Бишкек,https://im.mashina.kg/tachka/images/7/1/0/7107388ea6e6b552b05331d937177066_640x480.jpg
https://mashina.kg/details/bmw-5-serii-6a072268792023fb0342318a,Продажа BMW 5 серии III (E34) 1992,2859,250000,1992,2352169,2.5 л.,механика,Бишкек,https://storage.mashina.kg/catalog/images/2026-05-15/10034114/f4c5f1df10b8585be8a8eff750d16b35_medium.webp
https://mashina.kg/details/kia-sportage-69df02ce87cf4830905630,Kia Sportage V,26000,2273700,2023,81000,2.5 л.,автомат,Бишкек,https://im.mashina.kg/tachka/images/d/c/1/dc16f770f15dbd802958cb5f6832ac9e_640x480.jpg
https://mashina.kg/details/hyundai-matrix-6a0744c06fb7243fc96c4915,Продажа Hyundai Matrix I Рестайлинг 2007,4174,365000,2007,300000,1.6 л.,механика,Ош,https://storage.mashina.kg/catalog/images/2026-05-15/10034264/a6829c972c4d475a0c54e45f52173cf6_medium.webp
https://mashina.kg/details/kia-k5-6a088cc074dc152ca1e56093,Продажа Kia K5 II 2018,10200,891990,2018,400000,2.0 л.,автомат,Бишкек,https://storage.mashina.kg/catalog/images/2026-05-16/10035186/04e12ab31ae6104b90979e0481765fb3_medium.webp
https://mashina.kg/details/kia-sorento-6990691a9fd6e137497086,Kia Sorento IV,21000,1836450,2021,173000,1.6 л.,автомат,Бишкек,https://im.mashina.kg/tachka/images/e/2/d/e2da9dde4f9d1373ca18a8e74d32f35c_640x480.jpg
